Domain,Total,English,Non-English,English %,Non-English %,Top Non-English Languages
fake_news,20456,20456,0,100.0,0.0,
job_scams,14295,14295,0,100.0,0.0,
phishing,15272,15239,33,99.78391828182295,0.21608171817705607,"unknown(21), it(3), vi(2)"
political_statements,12497,12417,80,99.35984636312715,0.6401536368728495,"fr(12), da(9), ca(9)"
product_reviews,20971,20969,2,99.99046302036146,0.009536979638548472,"it(1), nl(1)"
sms,6574,5973,601,90.85792515972011,9.14207484027989,"unknown(180), af(57), so(37)"
twitter_rumours,5789,5739,50,99.13629296942477,0.8637070305752288,"de(18), af(8), da(6)"
